{
    "products": {
        "henectus-tincidunt": "6414",
        "ornare-auctor": "6415",
        "eames-plastic-side-chair": "6416",
        "augue-adipiscing-euismod": "6417",
        "iphone-dock": "6413",
        "wine-bottle-lantern": "6418",
        "decoration-wooden-present": "6424",
        "panton-tunior-chair": "6419",
        "smart-watches-wood-edition": "6420",
        "wooden-single-drawer": "6421",
        "classic-wooden-chair": "6422",
        "eames-lounge-chair": "6423"
    },
    "blog": {
        "exploring-atlantas-modern-homes": "6403",
        "green-interior-design-inspiration": "6404",
        "collar-brings-back-coffee-brewing-ritual": "6405",
        "reinterprets-the-classic-bookshelf": "6406",
        "creative-water-features-and-exterior": "6407",
        "minimalist-japanese-inspired-furniture": "6411",
        "new-home-decor-from-john-doerson": "6408",
        "the-big-design-wall-likes-pictures": "6409",
        "sweet-seat-functional-seat-for-it-folks": "6410"
    }
}