{
    "products": {
        "henectus-tincidunt": "6134",
        "ornare-auctor": "6133",
        "eames-plastic-side-chair": "6132",
        "augue-adipiscing-euismod": "6131",
        "iphone-dock": "6135",
        "wine-bottle-lantern": "6130",
        "decoration-wooden-present": "6124",
        "panton-tunior-chair": "6129",
        "smart-watches-wood-edition": "6128",
        "wooden-single-drawer": "6127",
        "classic-wooden-chair": "6126",
        "eames-lounge-chair": "6125"
    },
    "blog": {
        "exploring-atlantas-modern-homes": "6144",
        "green-interior-design-inspiration": "6143",
        "collar-brings-back-coffee-brewing-ritual": "6142",
        "reinterprets-the-classic-bookshelf": "6141",
        "creative-water-features-and-exterior": "6140",
        "minimalist-japanese-inspired-furniture": "6136",
        "new-home-decor-from-john-doerson": "6139",
        "the-big-design-wall-likes-pictures": "6138",
        "sweet-seat-functional-seat-for-it-folks": "6137"
    }
}