{
    "name": "Header Real Estate",
    "id": "header_972209",
    "structure": {
        "id": "root",
        "type": "root",
        "content": [
            {
                "id": "top-bar",
                "type": "row",
                "content": [
                    {
                        "id": "column5",
                        "type": "column",
                        "content": [
                            {
                                "id": "v80lndtvxmx95cvtg0lb",
                                "type": "menu",
                                "params": {
                                    "menu_id": {
                                        "id": "menu_id",
                                        "value": "top-bar-left-real-estate",
                                        "type": "options"
                                    },
                                    "menu_style": {
                                        "id": "menu_style",
                                        "value": "default",
                                        "type": "selector"
                                    },
                                    "menu_align": {
                                        "id": "menu_align",
                                        "value": "left",
                                        "type": "selector"
                                    },
                                    "items_gap": {
                                        "id": "items_gap",
                                        "value": "s",
                                        "type": "selector"
                                    }
                                }
                            }
                        ]
                    },
                    {
                        "id": "column6",
                        "type": "column",
                        "content": []
                    },
                    {
                        "id": "column7",
                        "type": "column",
                        "content": [
                            {
                                "id": "hze1f9eir5ct3vagjh3h",
                                "type": "menu",
                                "params": {
                                    "menu_id": {
                                        "id": "menu_id",
                                        "value": "top-bar-right-real-estate",
                                        "type": "options"
                                    },
                                    "menu_style": {
                                        "id": "menu_style",
                                        "value": "default",
                                        "type": "selector"
                                    },
                                    "menu_align": {
                                        "id": "menu_align",
                                        "value": "left",
                                        "type": "selector"
                                    },
                                    "items_gap": {
                                        "id": "items_gap",
                                        "value": "s",
                                        "type": "selector"
                                    }
                                }
                            }
                        ]
                    },
                    {
                        "id": "column_mobile1",
                        "type": "column",
                        "content": []
                    }
                ],
                "params": {
                    "flex_layout": {
                        "id": "flex_layout",
                        "value": "flex-middle",
                        "type": "selector"
                    },
                    "height": {
                        "id": "height",
                        "value": 45,
                        "type": "slider"
                    },
                    "mobile_height": {
                        "id": "mobile_height",
                        "value": 40,
                        "type": "slider"
                    },
                    "hide_desktop": {
                        "id": "hide_desktop",
                        "value": false,
                        "type": "switcher"
                    },
                    "hide_mobile": {
                        "id": "hide_mobile",
                        "value": true,
                        "type": "switcher"
                    },
                    "sticky": {
                        "id": "sticky",
                        "value": false,
                        "type": "switcher"
                    },
                    "sticky_height": {
                        "id": "sticky_height",
                        "value": 41,
                        "type": "slider"
                    },
                    "color_scheme": {
                        "id": "color_scheme",
                        "value": "dark",
                        "type": "selector"
                    },
                    "shadow": {
                        "id": "shadow",
                        "value": false,
                        "type": "switcher"
                    },
                    "background": {
                        "id": "background",
                        "value": [],
                        "type": "bg"
                    },
                    "border": {
                        "id": "border",
                        "value": {
                            "width": "1",
                            "color": {
                                "r": 16,
                                "g": 16,
                                "b": 16,
                                "a": 0.05
                            },
                            "sides": [
                                "bottom"
                            ],
                            "applyFor": "boxed"
                        },
                        "type": "border"
                    }
                }
            },
            {
                "id": "general-header",
                "type": "row",
                "content": [
                    {
                        "id": "column8",
                        "type": "column",
                        "content": [
                            {
                                "id": "gs8bcnxektjsro21n657",
                                "type": "logo",
                                "params": {
                                    "image": {
                                        "id": "image",
                                        "value": {
                                            "id": 4905,
                                            "url": "http:\/\/dummy.xtemos.com\/woodmart2\/wp-content\/uploads\/2021\/08\/real-estate-logo.svg",
                                            "width": false,
                                            "height": false
                                        },
                                        "type": "image"
                                    },
                                    "width": {
                                        "id": "width",
                                        "value": 215,
                                        "type": "slider"
                                    },
                                    "sticky_notice": {
                                        "id": "sticky_notice",
                                        "value": "",
                                        "type": "notice"
                                    },
                                    "sticky_image": {
                                        "id": "sticky_image",
                                        "value": false,
                                        "type": "image"
                                    },
                                    "sticky_width": {
                                        "id": "sticky_width",
                                        "value": 245,
                                        "type": "slider"
                                    },
                                    "width_height": {
                                        "id": "width_height",
                                        "value": true,
                                        "type": "switcher"
                                    }
                                }
                            }
                        ]
                    },
                    {
                        "id": "column9",
                        "type": "column",
                        "content": [
                            {
                                "id": "tt2jglmus9ec45i7nl35",
                                "type": "mainmenu",
                                "params": {
                                    "menu_id": {
                                        "id": "menu_id",
                                        "value": "main-menu-real-estate",
                                        "type": "options"
                                    },
                                    "menu_style": {
                                        "id": "menu_style",
                                        "value": "default",
                                        "type": "selector"
                                    },
                                    "menu_align": {
                                        "id": "menu_align",
                                        "value": "left",
                                        "type": "selector"
                                    },
                                    "full_screen": {
                                        "id": "full_screen",
                                        "value": false,
                                        "type": "switcher"
                                    },
                                    "icon_type": {
                                        "id": "icon_type",
                                        "value": "default",
                                        "type": "selector"
                                    },
                                    "custom_icon": {
                                        "id": "custom_icon",
                                        "value": "",
                                        "type": "image"
                                    },
                                    "items_gap": {
                                        "id": "items_gap",
                                        "value": "m",
                                        "type": "selector"
                                    }
                                }
                            }
                        ]
                    },
                    {
                        "id": "column10",
                        "type": "column",
                        "content": [
                            {
                                "id": "k20wov4ik0ocwv2l2jv0",
                                "type": "HTMLBlock",
                                "params": {
                                    "block_id": {
                                        "id": "block_id",
                                        "value": "4881",
                                        "type": "options"
                                    }
                                }
                            }
                        ]
                    },
                    {
                        "id": "column_mobile2",
                        "type": "column",
                        "content": [
                            {
                                "id": "lt7vdqgaccmapftzurvt",
                                "type": "logo",
                                "params": {
                                    "image": {
                                        "id": "image",
                                        "value": {
                                            "id": 4905,
                                            "url": "http:\/\/dummy.xtemos.com\/woodmart2\/wp-content\/uploads\/2021\/08\/real-estate-logo.svg",
                                            "width": false,
                                            "height": false
                                        },
                                        "type": "image"
                                    },
                                    "width": {
                                        "id": "width",
                                        "value": 179,
                                        "type": "slider"
                                    },
                                    "sticky_notice": {
                                        "id": "sticky_notice",
                                        "value": "",
                                        "type": "notice"
                                    },
                                    "sticky_image": {
                                        "id": "sticky_image",
                                        "value": "",
                                        "type": "image"
                                    },
                                    "sticky_width": {
                                        "id": "sticky_width",
                                        "value": 179,
                                        "type": "slider"
                                    },
                                    "width_height": {
                                        "id": "width_height",
                                        "value": true,
                                        "type": "switcher"
                                    }
                                }
                            }
                        ]
                    },
                    {
                        "id": "column_mobile3",
                        "type": "column",
                        "content": []
                    },
                    {
                        "id": "column_mobile4",
                        "type": "column",
                        "content": [
                            {
                                "id": "u53r4lz5214h3bnetp6h",
                                "type": "burger",
                                "params": {
                                    "style": {
                                        "id": "style",
                                        "value": "icon",
                                        "type": "selector"
                                    },
                                    "icon_type": {
                                        "id": "icon_type",
                                        "value": "default",
                                        "type": "selector"
                                    },
                                    "custom_icon": {
                                        "id": "custom_icon",
                                        "value": "",
                                        "type": "image"
                                    },
                                    "position": {
                                        "id": "position",
                                        "value": "right",
                                        "type": "selector"
                                    },
                                    "search_form": {
                                        "id": "search_form",
                                        "value": false,
                                        "type": "switcher"
                                    },
                                    "categories_menu": {
                                        "id": "categories_menu",
                                        "value": false,
                                        "type": "switcher"
                                    },
                                    "menu_id": {
                                        "id": "menu_id",
                                        "value": "categories",
                                        "type": "options"
                                    },
                                    "tabs_swap": {
                                        "id": "tabs_swap",
                                        "value": false,
                                        "type": "switcher"
                                    }
                                }
                            }
                        ]
                    }
                ],
                "params": {
                    "flex_layout": {
                        "id": "flex_layout",
                        "value": "equal-sides",
                        "type": "selector"
                    },
                    "height": {
                        "id": "height",
                        "value": 100,
                        "type": "slider"
                    },
                    "mobile_height": {
                        "id": "mobile_height",
                        "value": 70,
                        "type": "slider"
                    },
                    "hide_desktop": {
                        "id": "hide_desktop",
                        "value": false,
                        "type": "switcher"
                    },
                    "hide_mobile": {
                        "id": "hide_mobile",
                        "value": false,
                        "type": "switcher"
                    },
                    "sticky": {
                        "id": "sticky",
                        "value": true,
                        "type": "switcher"
                    },
                    "sticky_height": {
                        "id": "sticky_height",
                        "value": 70,
                        "type": "slider"
                    },
                    "color_scheme": {
                        "id": "color_scheme",
                        "value": "dark",
                        "type": "selector"
                    },
                    "shadow": {
                        "id": "shadow",
                        "value": false,
                        "type": "switcher"
                    },
                    "background": {
                        "id": "background",
                        "value": [],
                        "type": "bg"
                    },
                    "border": {
                        "id": "border",
                        "value": {
                            "applyFor": "boxed",
                            "style": "solid",
                            "sides": [
                                "bottom"
                            ]
                        },
                        "type": "border"
                    }
                }
            },
            {
                "id": "header-bottom",
                "type": "row",
                "content": [
                    {
                        "id": "column11",
                        "type": "column",
                        "content": []
                    },
                    {
                        "id": "column12",
                        "type": "column",
                        "content": []
                    },
                    {
                        "id": "column13",
                        "type": "column",
                        "content": []
                    },
                    {
                        "id": "column_mobile5",
                        "type": "column",
                        "content": []
                    }
                ],
                "params": {
                    "flex_layout": {
                        "id": "flex_layout",
                        "value": "flex-middle",
                        "type": "selector"
                    },
                    "height": {
                        "id": "height",
                        "value": 50,
                        "type": "slider"
                    },
                    "mobile_height": {
                        "id": "mobile_height",
                        "value": 50,
                        "type": "slider"
                    },
                    "hide_desktop": {
                        "id": "hide_desktop",
                        "value": true,
                        "type": "switcher"
                    },
                    "hide_mobile": {
                        "id": "hide_mobile",
                        "value": true,
                        "type": "switcher"
                    },
                    "sticky": {
                        "id": "sticky",
                        "value": false,
                        "type": "switcher"
                    },
                    "sticky_height": {
                        "id": "sticky_height",
                        "value": 50,
                        "type": "slider"
                    },
                    "color_scheme": {
                        "id": "color_scheme",
                        "value": "dark",
                        "type": "selector"
                    },
                    "shadow": {
                        "id": "shadow",
                        "value": false,
                        "type": "switcher"
                    },
                    "background": {
                        "id": "background",
                        "value": [],
                        "type": "bg"
                    },
                    "border": {
                        "id": "border",
                        "value": {
                            "style": "solid",
                            "applyFor": "fullwidth",
                            "sides": [
                                "bottom"
                            ],
                            "width": "1",
                            "color": {
                                "r": 230,
                                "g": 230,
                                "b": 230,
                                "a": 1
                            }
                        },
                        "type": "border"
                    }
                }
            }
        ]
    },
    "settings": {
        "overlap": {
            "id": "overlap",
            "value": false,
            "type": "switcher"
        },
        "boxed": {
            "id": "boxed",
            "value": false,
            "type": "switcher"
        },
        "full_width": {
            "id": "full_width",
            "value": false,
            "type": "switcher"
        },
        "dropdowns_dark": {
            "id": "dropdowns_dark",
            "value": false,
            "type": "switcher"
        },
        "sticky_shadow": {
            "id": "sticky_shadow",
            "value": true,
            "type": "switcher"
        },
        "hide_on_scroll": {
            "id": "hide_on_scroll",
            "value": false,
            "type": "switcher"
        },
        "sticky_effect": {
            "id": "sticky_effect",
            "value": "stick",
            "type": "selector"
        },
        "sticky_clone": {
            "id": "sticky_clone",
            "value": false,
            "type": "switcher"
        },
        "sticky_height": {
            "id": "sticky_height",
            "value": 60,
            "type": "slider"
        }
    }
}